{"options":{"summaryTrendStats":["avg","min","med","max","p(90)","p(95)"],"summaryTimeUnit":"","noColor":false},"state":{"isStdOutTTY":true,"isStdErrTTY":true,"testRunDurationMs":30182.20235},"metrics":{"checks":{"values":{"passes":4498,"fails":0,"rate":1},"type":"rate","contains":"default"},"http_req_sending":{"values":{"avg":0.07868533059137382,"min":0.027711,"med":0.064665,"max":1.38803,"p(90)":0.13335999999999998,"p(95)":0.16002325},"type":"trend","contains":"time"},"iteration_duration":{"contains":"time","values":{"avg":200.5433753114712,"min":163.154579,"med":174.14782350000002,"max":2223.889669,"p(90)":219.40395610000002,"p(95)":326.8889343499997},"type":"trend"},"http_reqs":{"type":"counter","contains":"default","values":{"count":8996,"rate":298.05644716314083}},"http_req_connecting":{"contains":"time","values":{"avg":0.6143911064917741,"min":0,"med":0,"max":163.372586,"p(90)":0,"p(95)":0},"type":"trend"},"http_req_receiving":{"type":"trend","contains":"time","values":{"p(90)":0.1812655,"p(95)":0.2766785,"avg":0.24739168519341942,"min":0.021133,"med":0.0738245,"max":639.73704}},"vus_max":{"type":"gauge","contains":"default","values":{"value":30,"min":30,"max":30}},"http_req_duration":{"type":"trend","contains":"time","values":{"avg":98.35115729835505,"min":10.06861,"med":124.68499249999999,"max":1628.460543,"p(90)":186.4703375,"p(95)":191.67238824999998}},"data_sent":{"type":"counter","contains":"data","values":{"rate":14495.429953275096,"count":437504}},"http_req_duration{expected_response:true}":{"type":"trend","contains":"time","values":{"max":1628.460543,"p(90)":186.4703375,"p(95)":191.67238824999998,"avg":98.35115729835505,"min":10.06861,"med":124.68499249999999}},"vus":{"contains":"default","values":{"value":30,"min":30,"max":30},"type":"gauge"},"http_req_waiting":{"type":"trend","contains":"time","values":{"p(95)":191.33353300000002,"avg":98.0250802825703,"min":9.953761,"med":124.5288115,"max":1628.276677,"p(90)":186.2274525}},"http_req_blocked":{"type":"trend","contains":"time","values":{"avg":1.7584210842596715,"min":0.000278,"med":0.000746,"max":517.510251,"p(90)":0.001583,"p(95)":0.0019605}},"http_req_failed":{"type":"rate","contains":"default","values":{"rate":0,"passes":0,"fails":8996}},"http_req_tls_handshaking":{"type":"trend","contains":"time","values":{"p(90)":0,"p(95)":0,"avg":1.1079085286794128,"min":0,"med":0,"max":311.482523}},"data_received":{"type":"counter","contains":"data","values":{"count":14298622,"rate":473743.49406944454}},"iterations":{"type":"counter","contains":"default","values":{"count":4498,"rate":149.02822358157042}}},"root_group":{"name":"","path":"","id":"d41d8cd98f00b204e9800998ecf8427e","groups":[],"checks":[{"name":"status is 200","path":"::status is 200","id":"6210a8cd14cd70477eba5c5e4cb3fb5f","passes":4498,"fails":0}]}}